{"acc": 0.7827028273552845, "loss": 0.20380004605744526, "_timestamp": 1723902514.1811974, "_runtime": 17.57618546485901, "_step": 7, "_wandb": {"runtime": 18}}